run,iteration,metric,value,unit
all_mit_off,0,SVG Files To PNG,32.353,s
all_mit_off,0,SVG Files To PNG,31.263,s
all_mit_off,0,SVG Files To PNG,31.273,s
all_mit_off,1,SVG Files To PNG,32.969,s
all_mit_off,1,SVG Files To PNG,31.442,s
all_mit_off,1,SVG Files To PNG,31.326,s
all_mit_off,2,sqlite_ops,73.882,s
all_mit_off,2,sqlite_ops,71.528,s
all_mit_off,2,sqlite_ops,72.907,s
all_mit_off,3,syscall,0.0602,microseconds
all_mit_off,3,read,0.1166,microseconds
all_mit_off,3,write,0.0982,microseconds
all_mit_off,3,stat,0.4851,microseconds
all_mit_off,3,fstat,0.1487,microseconds
all_mit_off,3,open_close,0.807,microseconds
all_mit_off,3,select_10,0.2358,microseconds
all_mit_off,3,select_100,0.9877,microseconds
all_mit_off,3,select_250,2.2327,microseconds
all_mit_off,3,select_500,4.3373,microseconds
all_mit_off,3,select_10,0.264,microseconds
all_mit_off,3,select_100,2.3786,microseconds
all_mit_off,3,select_250,5.9092,microseconds
all_mit_off,3,select_500,11.9138,microseconds
all_mit_off,3,pipe_latency,93.6717,microseconds
all_mit_off,3,unix_sock_stream_latency,47.3932,microseconds
all_mit_off,3,fork_exit,181.2647,microseconds
all_mit_off,3,fork_execve,857.8571,microseconds
all_mit_off,3,fork_bin_sh,1780.6667,microseconds
all_mit_off,4,syscall,0.0608,microseconds
all_mit_off,4,read,0.1155,microseconds
all_mit_off,4,write,0.0991,microseconds
all_mit_off,4,stat,0.483,microseconds
all_mit_off,4,fstat,0.1492,microseconds
all_mit_off,4,open_close,0.8088,microseconds
all_mit_off,4,select_10,0.2345,microseconds
all_mit_off,4,select_100,0.9882,microseconds
all_mit_off,4,select_250,2.2354,microseconds
all_mit_off,4,select_500,4.3409,microseconds
all_mit_off,4,select_10,0.2641,microseconds
all_mit_off,4,select_100,2.3703,microseconds
all_mit_off,4,select_250,5.9348,microseconds
all_mit_off,4,select_500,11.8722,microseconds
all_mit_off,4,pipe_latency,64.0289,microseconds
all_mit_off,4,unix_sock_stream_latency,66.1325,microseconds
all_mit_off,4,fork_exit,174.0625,microseconds
all_mit_off,4,fork_execve,843.4286,microseconds
all_mit_off,4,fork_bin_sh,1774.0,microseconds
all_mit_off,5,syscall,0.0612,microseconds
all_mit_off,5,read,0.1156,microseconds
all_mit_off,5,write,0.0991,microseconds
all_mit_off,5,stat,0.4822,microseconds
all_mit_off,5,fstat,0.1479,microseconds
all_mit_off,5,open_close,0.7981,microseconds
all_mit_off,5,select_10,0.2375,microseconds
all_mit_off,5,select_100,0.9899,microseconds
all_mit_off,5,select_250,2.2391,microseconds
all_mit_off,5,select_500,4.346,microseconds
all_mit_off,5,select_10,0.2653,microseconds
all_mit_off,5,select_100,2.387,microseconds
all_mit_off,5,select_250,5.9424,microseconds
all_mit_off,5,select_500,11.9446,microseconds
all_mit_off,5,pipe_latency,62.0131,microseconds
all_mit_off,5,unix_sock_stream_latency,39.0851,microseconds
all_mit_off,5,fork_exit,170.5161,microseconds
all_mit_off,5,fork_execve,848.2857,microseconds
all_mit_off,5,fork_bin_sh,1722.5,microseconds
basline,0,SVG Files To PNG,33.297,s
basline,0,SVG Files To PNG,31.829,s
basline,0,SVG Files To PNG,31.749,s
basline,1,syscall,0.2393,microseconds
basline,1,read,0.2957,microseconds
basline,1,write,0.2715,microseconds
basline,1,stat,0.657,microseconds
basline,1,fstat,0.3329,microseconds
basline,1,open_close,1.1668,microseconds
basline,1,select_10,0.4162,microseconds
basline,1,select_100,1.1574,microseconds
basline,1,select_250,2.4246,microseconds
basline,1,select_500,4.5257,microseconds
basline,1,select_10,0.4371,microseconds
basline,1,select_100,2.5847,microseconds
basline,1,select_250,6.1153,microseconds
basline,1,select_500,12.034,microseconds
basline,1,pipe_latency,106.2907,microseconds
basline,1,unix_sock_stream_latency,32.8129,microseconds
basline,1,fork_exit,192.3571,microseconds
basline,1,fork_execve,910.2857,microseconds
basline,1,fork_bin_sh,1807.6667,microseconds
basline,2,syscall,0.2393,microseconds
basline,2,read,0.2968,microseconds
basline,2,write,0.2817,microseconds
basline,2,stat,0.6641,microseconds
basline,2,fstat,0.3221,microseconds
basline,2,open_close,1.1738,microseconds
basline,2,select_10,0.4201,microseconds
basline,2,select_100,1.1724,microseconds
basline,2,select_250,2.4057,microseconds
basline,2,select_500,4.5511,microseconds
basline,2,select_10,0.4369,microseconds
basline,2,select_100,2.6011,microseconds
basline,2,select_250,6.1331,microseconds
basline,2,select_500,12.0547,microseconds
basline,2,pipe_latency,101.6747,microseconds
basline,2,unix_sock_stream_latency,106.2364,microseconds
basline,2,fork_exit,181.303,microseconds
basline,2,fork_execve,875.1667,microseconds
basline,2,fork_bin_sh,1733.3333,microseconds
basline,3,SVG Files To PNG,33.02,s
basline,3,SVG Files To PNG,31.534,s
basline,3,SVG Files To PNG,31.579,s
basline,4,sqlite_ops,72.096,s
basline,4,sqlite_ops,73.052,s
basline,4,sqlite_ops,73.208,s
basline,5,syscall,0.2327,microseconds
basline,5,read,0.2968,microseconds
basline,5,write,0.2757,microseconds
basline,5,stat,0.6628,microseconds
basline,5,fstat,0.3392,microseconds
basline,5,open_close,1.1622,microseconds
basline,5,select_10,0.4228,microseconds
basline,5,select_100,1.1712,microseconds
basline,5,select_250,2.4339,microseconds
basline,5,select_500,4.5383,microseconds
basline,5,select_10,0.4567,microseconds
basline,5,select_100,2.5877,microseconds
basline,5,select_250,6.5355,microseconds
basline,5,select_500,12.1118,microseconds
basline,5,pipe_latency,55.1587,microseconds
basline,5,unix_sock_stream_latency,68.4634,microseconds
basline,5,fork_exit,188.8889,microseconds
basline,5,fork_execve,878.8333,microseconds
basline,5,fork_bin_sh,1780.6667,microseconds
retpoline_generic,0,syscall,0.2641,microseconds
retpoline_generic,0,read,0.3289,microseconds
retpoline_generic,0,write,0.3112,microseconds
retpoline_generic,0,stat,0.7326,microseconds
retpoline_generic,0,fstat,0.3679,microseconds
retpoline_generic,0,open_close,1.296,microseconds
retpoline_generic,0,select_10,0.4249,microseconds
retpoline_generic,0,select_100,1.1696,microseconds
retpoline_generic,0,select_250,2.4502,microseconds
retpoline_generic,0,select_500,4.5739,microseconds
retpoline_generic,0,select_10,0.5151,microseconds
retpoline_generic,0,select_100,5.2962,microseconds
retpoline_generic,0,select_250,14.4157,microseconds
retpoline_generic,0,select_500,25.6396,microseconds
retpoline_generic,0,pipe_latency,60.4393,microseconds
retpoline_generic,0,unix_sock_stream_latency,97.3704,microseconds
retpoline_generic,0,fork_exit,219.4194,microseconds
retpoline_generic,0,fork_execve,926.8333,microseconds
retpoline_generic,0,fork_bin_sh,1802.3333,microseconds
retpoline_generic,1,SVG Files To PNG,33.256,s
retpoline_generic,1,SVG Files To PNG,31.773,s
retpoline_generic,1,SVG Files To PNG,31.88,s
retpoline_generic,2,syscall,0.2469,microseconds
retpoline_generic,2,read,0.3327,microseconds
retpoline_generic,2,write,0.3155,microseconds
retpoline_generic,2,stat,0.7268,microseconds
retpoline_generic,2,fstat,0.3689,microseconds
retpoline_generic,2,open_close,1.3012,microseconds
retpoline_generic,2,select_10,0.4246,microseconds
retpoline_generic,2,select_100,1.1856,microseconds
retpoline_generic,2,select_250,2.4507,microseconds
retpoline_generic,2,select_500,4.5805,microseconds
retpoline_generic,2,select_10,0.5116,microseconds
retpoline_generic,2,select_100,5.3064,microseconds
retpoline_generic,2,select_250,12.7933,microseconds
retpoline_generic,2,select_500,25.9343,microseconds
retpoline_generic,2,pipe_latency,70.4314,microseconds
retpoline_generic,2,unix_sock_stream_latency,66.7412,microseconds
retpoline_generic,2,fork_exit,249.7419,microseconds
retpoline_generic,2,fork_execve,861.0,microseconds
retpoline_generic,2,fork_bin_sh,1746.0,microseconds
retpoline_generic,3,syscall,0.2457,microseconds
retpoline_generic,3,read,0.3229,microseconds
retpoline_generic,3,write,0.3054,microseconds
retpoline_generic,3,stat,0.7326,microseconds
retpoline_generic,3,fstat,0.3676,microseconds
retpoline_generic,3,open_close,1.3092,microseconds
retpoline_generic,3,select_10,0.4225,microseconds
retpoline_generic,3,select_100,1.1725,microseconds
retpoline_generic,3,select_250,2.4447,microseconds
retpoline_generic,3,select_500,4.5868,microseconds
retpoline_generic,3,select_10,0.5172,microseconds
retpoline_generic,3,select_100,5.2907,microseconds
retpoline_generic,3,select_250,12.8832,microseconds
retpoline_generic,3,select_500,25.8488,microseconds
retpoline_generic,3,pipe_latency,59.9618,microseconds
retpoline_generic,3,unix_sock_stream_latency,48.9217,microseconds
retpoline_generic,3,fork_exit,183.8065,microseconds
retpoline_generic,3,fork_execve,881.1667,microseconds
retpoline_generic,3,fork_bin_sh,1809.5,microseconds
retpoline_generic,4,sqlite_ops,73.746,s
retpoline_generic,4,sqlite_ops,72.897,s
retpoline_generic,4,sqlite_ops,74.768,s
retpoline_generic,5,SVG Files To PNG,33.501,s
retpoline_generic,5,SVG Files To PNG,32.014,s
retpoline_generic,5,SVG Files To PNG,31.823,s
ibrs,0,syscall,0.4423,microseconds
ibrs,0,read,0.515,microseconds
ibrs,0,write,0.4933,microseconds
ibrs,0,stat,0.9,microseconds
ibrs,0,fstat,0.5471,microseconds
ibrs,0,open_close,1.6245,microseconds
ibrs,0,select_10,0.6288,microseconds
ibrs,0,select_100,1.3703,microseconds
ibrs,0,select_250,2.6424,microseconds
ibrs,0,select_500,4.7756,microseconds
ibrs,0,select_10,0.6951,microseconds
ibrs,0,select_100,2.8835,microseconds
ibrs,0,select_250,6.3559,microseconds
ibrs,0,select_500,12.4009,microseconds
ibrs,0,pipe_latency,66.8845,microseconds
ibrs,0,unix_sock_stream_latency,146.2105,microseconds
ibrs,0,fork_exit,198.2581,microseconds
ibrs,0,fork_execve,917.3333,microseconds
ibrs,0,fork_bin_sh,1884.3333,microseconds
ibrs,1,sqlite_ops,73.84,s
ibrs,1,sqlite_ops,73.061,s
ibrs,1,sqlite_ops,75.262,s
ibrs,2,SVG Files To PNG,33.417,s
ibrs,2,SVG Files To PNG,32.075,s
ibrs,2,SVG Files To PNG,32.077,s
ibrs,3,syscall,0.4566,microseconds
ibrs,3,read,0.5264,microseconds
ibrs,3,write,0.5076,microseconds
ibrs,3,stat,0.9085,microseconds
ibrs,3,fstat,0.5606,microseconds
ibrs,3,open_close,1.6853,microseconds
ibrs,3,select_10,0.6361,microseconds
ibrs,3,select_100,1.3842,microseconds
ibrs,3,select_250,2.6424,microseconds
ibrs,3,select_500,4.7522,microseconds
ibrs,3,select_10,0.6962,microseconds
ibrs,3,select_100,2.8899,microseconds
ibrs,3,select_250,6.4045,microseconds
ibrs,3,select_500,12.3978,microseconds
ibrs,3,pipe_latency,58.5442,microseconds
ibrs,3,unix_sock_stream_latency,105.88,microseconds
ibrs,3,fork_exit,190.8667,microseconds
ibrs,3,fork_execve,948.2857,microseconds
ibrs,3,fork_bin_sh,1870.3333,microseconds
ibrs,4,syscall,0.4531,microseconds
ibrs,4,read,0.514,microseconds
ibrs,4,write,0.5023,microseconds
ibrs,4,stat,0.8965,microseconds
ibrs,4,fstat,0.5479,microseconds
ibrs,4,open_close,1.6354,microseconds
ibrs,4,select_10,0.6236,microseconds
ibrs,4,select_100,1.3758,microseconds
ibrs,4,select_250,2.638,microseconds
ibrs,4,select_500,4.7407,microseconds
ibrs,4,select_10,0.6938,microseconds
ibrs,4,select_100,2.9096,microseconds
ibrs,4,select_250,6.3976,microseconds
ibrs,4,select_500,12.4418,microseconds
ibrs,4,pipe_latency,61.5298,microseconds
ibrs,4,unix_sock_stream_latency,45.4957,microseconds
ibrs,4,fork_exit,179.7778,microseconds
ibrs,4,fork_execve,887.5,microseconds
ibrs,4,fork_bin_sh,1816.0,microseconds
ibrs,5,SVG Files To PNG,33.731,s
ibrs,5,SVG Files To PNG,32.368,s
ibrs,5,SVG Files To PNG,32.164,s
eibrs,0,syscall,0.2491,microseconds
eibrs,0,read,0.3241,microseconds
eibrs,0,write,0.3094,microseconds
eibrs,0,stat,0.6952,microseconds
eibrs,0,fstat,0.3566,microseconds
eibrs,0,open_close,1.2511,microseconds
eibrs,0,select_10,0.4326,microseconds
eibrs,0,select_100,1.1813,microseconds
eibrs,0,select_250,2.4301,microseconds
eibrs,0,select_500,4.5698,microseconds
eibrs,0,select_10,0.4949,microseconds
eibrs,0,select_100,2.6491,microseconds
eibrs,0,select_250,6.2679,microseconds
eibrs,0,select_500,12.1315,microseconds
eibrs,0,pipe_latency,66.6933,microseconds
eibrs,0,unix_sock_stream_latency,48.7965,microseconds
eibrs,0,fork_exit,181.2667,microseconds
eibrs,0,fork_execve,868.8571,microseconds
eibrs,0,fork_bin_sh,1778.0,microseconds
eibrs,1,sqlite_ops,70.128,s
eibrs,1,sqlite_ops,71.185,s
eibrs,1,sqlite_ops,73.085,s
eibrs,2,SVG Files To PNG,33.244,s
eibrs,2,SVG Files To PNG,31.816,s
eibrs,2,SVG Files To PNG,31.756,s
eibrs,3,SVG Files To PNG,33.292,s
eibrs,3,SVG Files To PNG,31.701,s
eibrs,3,SVG Files To PNG,31.821,s
eibrs,4,syscall,0.2541,microseconds
eibrs,4,read,0.3132,microseconds
eibrs,4,write,0.2979,microseconds
eibrs,4,stat,0.6955,microseconds
eibrs,4,fstat,0.3458,microseconds
eibrs,4,open_close,1.245,microseconds
eibrs,4,select_10,0.4308,microseconds
eibrs,4,select_100,1.8455,microseconds
eibrs,4,select_250,2.437,microseconds
eibrs,4,select_500,4.5607,microseconds
eibrs,4,select_10,0.489,microseconds
eibrs,4,select_100,2.6517,microseconds
eibrs,4,select_250,6.188,microseconds
eibrs,4,select_500,12.1445,microseconds
eibrs,4,pipe_latency,63.5524,microseconds
eibrs,4,unix_sock_stream_latency,46.7094,microseconds
eibrs,4,fork_exit,181.4828,microseconds
eibrs,4,fork_execve,876.3333,microseconds
eibrs,4,fork_bin_sh,1788.0,microseconds
eibrs,5,syscall,0.261,microseconds
eibrs,5,read,0.318,microseconds
eibrs,5,write,0.3069,microseconds
eibrs,5,stat,0.6949,microseconds
eibrs,5,fstat,0.3594,microseconds
eibrs,5,open_close,1.2637,microseconds
eibrs,5,select_10,0.4304,microseconds
eibrs,5,select_100,1.1708,microseconds
eibrs,5,select_250,2.4549,microseconds
eibrs,5,select_500,4.5446,microseconds
eibrs,5,select_10,0.4813,microseconds
eibrs,5,select_100,2.6491,microseconds
eibrs,5,select_250,6.193,microseconds
eibrs,5,select_500,12.2108,microseconds
eibrs,5,pipe_latency,97.2157,microseconds
eibrs,5,unix_sock_stream_latency,46.5517,microseconds
eibrs,5,fork_exit,172.6207,microseconds
eibrs,5,fork_execve,871.1667,microseconds
eibrs,5,fork_bin_sh,1778.75,microseconds
all_spectre_v2,0,syscall,0.2541,microseconds
all_spectre_v2,0,read,0.3126,microseconds
all_spectre_v2,0,write,0.3,microseconds
all_spectre_v2,0,stat,0.6912,microseconds
all_spectre_v2,0,fstat,0.3465,microseconds
all_spectre_v2,0,open_close,1.2485,microseconds
all_spectre_v2,0,select_10,0.4274,microseconds
all_spectre_v2,0,select_100,1.1703,microseconds
all_spectre_v2,0,select_250,2.4565,microseconds
all_spectre_v2,0,select_500,4.6045,microseconds
all_spectre_v2,0,select_10,0.4818,microseconds
all_spectre_v2,0,select_100,2.6892,microseconds
all_spectre_v2,0,select_250,6.3138,microseconds
all_spectre_v2,0,select_500,12.4375,microseconds
all_spectre_v2,0,pipe_latency,61.5979,microseconds
all_spectre_v2,0,unix_sock_stream_latency,66.0854,microseconds
all_spectre_v2,0,fork_exit,174.2667,microseconds
all_spectre_v2,0,fork_execve,882.0,microseconds
all_spectre_v2,0,fork_bin_sh,1840.0,microseconds
all_spectre_v2,1,syscall,0.2455,microseconds
all_spectre_v2,1,read,0.3017,microseconds
all_spectre_v2,1,write,0.2955,microseconds
all_spectre_v2,1,stat,0.6791,microseconds
all_spectre_v2,1,fstat,0.3499,microseconds
all_spectre_v2,1,open_close,1.2247,microseconds
all_spectre_v2,1,select_10,0.4269,microseconds
all_spectre_v2,1,select_100,1.177,microseconds
all_spectre_v2,1,select_250,2.4431,microseconds
all_spectre_v2,1,select_500,4.601,microseconds
all_spectre_v2,1,select_10,0.4874,microseconds
all_spectre_v2,1,select_100,2.6761,microseconds
all_spectre_v2,1,select_250,6.2773,microseconds
all_spectre_v2,1,select_500,12.4794,microseconds
all_spectre_v2,1,pipe_latency,58.5868,microseconds
all_spectre_v2,1,unix_sock_stream_latency,106.8302,microseconds
all_spectre_v2,1,fork_exit,177.4839,microseconds
all_spectre_v2,1,fork_execve,894.8333,microseconds
all_spectre_v2,1,fork_bin_sh,1747.0,microseconds
all_spectre_v2,2,syscall,0.2522,microseconds
all_spectre_v2,2,read,0.3054,microseconds
all_spectre_v2,2,write,0.2955,microseconds
all_spectre_v2,2,stat,0.6832,microseconds
all_spectre_v2,2,fstat,0.3549,microseconds
all_spectre_v2,2,open_close,1.2532,microseconds
all_spectre_v2,2,select_10,0.4257,microseconds
all_spectre_v2,2,select_100,1.1858,microseconds
all_spectre_v2,2,select_250,2.4445,microseconds
all_spectre_v2,2,select_500,4.5889,microseconds
all_spectre_v2,2,select_10,0.4854,microseconds
all_spectre_v2,2,select_100,2.7014,microseconds
all_spectre_v2,2,select_250,6.3265,microseconds
all_spectre_v2,2,select_500,12.4372,microseconds
all_spectre_v2,2,pipe_latency,65.8763,microseconds
all_spectre_v2,2,unix_sock_stream_latency,107.0943,microseconds
all_spectre_v2,2,fork_exit,216.0938,microseconds
all_spectre_v2,2,fork_execve,899.6667,microseconds
all_spectre_v2,2,fork_bin_sh,1864.6667,microseconds
all_spectre_v2,3,SVG Files To PNG,33.219,s
all_spectre_v2,3,SVG Files To PNG,31.659,s
all_spectre_v2,3,SVG Files To PNG,31.739,s
all_spectre_v2,4,SVG Files To PNG,33.176,s
all_spectre_v2,4,SVG Files To PNG,31.768,s
all_spectre_v2,4,SVG Files To PNG,31.824,s
all_spectre_v2,5,sqlite_ops,71.832,s
all_spectre_v2,5,sqlite_ops,70.195,s
all_spectre_v2,5,sqlite_ops,70.203,s
on_spectre_v2,0,syscall,0.2528,microseconds
on_spectre_v2,0,read,0.3153,microseconds
on_spectre_v2,0,write,0.2958,microseconds
on_spectre_v2,0,stat,0.6983,microseconds
on_spectre_v2,0,fstat,0.3485,microseconds
on_spectre_v2,0,open_close,1.2448,microseconds
on_spectre_v2,0,select_10,0.425,microseconds
on_spectre_v2,0,select_100,1.1745,microseconds
on_spectre_v2,0,select_250,2.4402,microseconds
on_spectre_v2,0,select_500,4.5908,microseconds
on_spectre_v2,0,select_10,0.4765,microseconds
on_spectre_v2,0,select_100,2.7005,microseconds
on_spectre_v2,0,select_250,6.2842,microseconds
on_spectre_v2,0,select_500,12.4596,microseconds
on_spectre_v2,0,pipe_latency,96.8083,microseconds
on_spectre_v2,0,unix_sock_stream_latency,46.4113,microseconds
on_spectre_v2,0,fork_exit,271.1429,microseconds
on_spectre_v2,0,fork_execve,930.0,microseconds
on_spectre_v2,0,fork_bin_sh,1806.3333,microseconds
on_spectre_v2,1,syscall,0.2462,microseconds
on_spectre_v2,1,read,0.3076,microseconds
on_spectre_v2,1,write,0.2957,microseconds
on_spectre_v2,1,stat,0.6877,microseconds
on_spectre_v2,1,fstat,0.3519,microseconds
on_spectre_v2,1,open_close,1.2438,microseconds
on_spectre_v2,1,select_10,0.4229,microseconds
on_spectre_v2,1,select_100,1.1846,microseconds
on_spectre_v2,1,select_250,2.4481,microseconds
on_spectre_v2,1,select_500,4.6092,microseconds
on_spectre_v2,1,select_10,0.474,microseconds
on_spectre_v2,1,select_100,2.734,microseconds
on_spectre_v2,1,select_250,6.3079,microseconds
on_spectre_v2,1,select_500,12.3696,microseconds
on_spectre_v2,1,pipe_latency,61.5965,microseconds
on_spectre_v2,1,unix_sock_stream_latency,47.0508,microseconds
on_spectre_v2,1,fork_exit,207.1667,microseconds
on_spectre_v2,1,fork_execve,878.6667,microseconds
on_spectre_v2,1,fork_bin_sh,1808.6667,microseconds
on_spectre_v2,2,syscall,0.2476,microseconds
on_spectre_v2,2,read,0.3061,microseconds
on_spectre_v2,2,write,0.291,microseconds
on_spectre_v2,2,stat,0.6974,microseconds
on_spectre_v2,2,fstat,0.3468,microseconds
on_spectre_v2,2,open_close,1.2314,microseconds
on_spectre_v2,2,select_10,0.4345,microseconds
on_spectre_v2,2,select_100,1.1802,microseconds
on_spectre_v2,2,select_250,2.4521,microseconds
on_spectre_v2,2,select_500,4.588,microseconds
on_spectre_v2,2,select_10,0.4807,microseconds
on_spectre_v2,2,select_100,2.667,microseconds
on_spectre_v2,2,select_250,6.282,microseconds
on_spectre_v2,2,select_500,12.3875,microseconds
on_spectre_v2,2,pipe_latency,97.2594,microseconds
on_spectre_v2,2,unix_sock_stream_latency,86.2812,microseconds
on_spectre_v2,2,fork_exit,175.0333,microseconds
on_spectre_v2,2,fork_execve,864.7143,microseconds
on_spectre_v2,2,fork_bin_sh,1775.3333,microseconds
on_spectre_v2,3,SVG Files To PNG,33.135,s
on_spectre_v2,3,SVG Files To PNG,31.996,s
on_spectre_v2,3,SVG Files To PNG,31.751,s
on_spectre_v2,4,SVG Files To PNG,33.22,s
on_spectre_v2,4,SVG Files To PNG,31.726,s
on_spectre_v2,4,SVG Files To PNG,31.662,s
on_spectre_v2,5,sqlite_ops,72.056,s
on_spectre_v2,5,sqlite_ops,73.827,s
on_spectre_v2,5,sqlite_ops,73.419,s
pti_on,0,syscall,0.402,microseconds
pti_on,0,read,0.4756,microseconds
pti_on,0,write,0.4429,microseconds
pti_on,0,stat,0.8329,microseconds
pti_on,0,fstat,0.511,microseconds
pti_on,0,open_close,1.4852,microseconds
pti_on,0,select_10,0.5907,microseconds
pti_on,0,select_100,1.3377,microseconds
pti_on,0,select_250,2.5888,microseconds
pti_on,0,select_500,4.7164,microseconds
pti_on,0,select_10,0.6231,microseconds
pti_on,0,select_100,2.7513,microseconds
pti_on,0,select_250,6.2803,microseconds
pti_on,0,select_500,12.2875,microseconds
pti_on,0,pipe_latency,108.9285,microseconds
pti_on,0,unix_sock_stream_latency,49.4324,microseconds
pti_on,0,fork_exit,191.5,microseconds
pti_on,0,fork_execve,909.3333,microseconds
pti_on,0,fork_bin_sh,1844.3333,microseconds
pti_on,1,syscall,0.4097,microseconds
pti_on,1,read,0.4706,microseconds
pti_on,1,write,0.4499,microseconds
pti_on,1,stat,0.8617,microseconds
pti_on,1,fstat,0.5146,microseconds
pti_on,1,open_close,1.5047,microseconds
pti_on,1,select_10,0.5884,microseconds
pti_on,1,select_100,1.3399,microseconds
pti_on,1,select_250,2.6161,microseconds
pti_on,1,select_500,4.7309,microseconds
pti_on,1,select_10,0.6167,microseconds
pti_on,1,select_100,2.7777,microseconds
pti_on,1,select_250,6.3204,microseconds
pti_on,1,select_500,12.2957,microseconds
pti_on,1,pipe_latency,85.9468,microseconds
pti_on,1,unix_sock_stream_latency,47.6075,microseconds
pti_on,1,fork_exit,188.8462,microseconds
pti_on,1,fork_execve,904.5,microseconds
pti_on,1,fork_bin_sh,1829.3333,microseconds
pti_on,2,SVG Files To PNG,33.64,s
pti_on,2,SVG Files To PNG,31.994,s
pti_on,2,SVG Files To PNG,32.016,s
pti_on,3,sqlite_ops,74.33,s
pti_on,3,sqlite_ops,74.209,s
pti_on,3,sqlite_ops,73.489,s
pti_on,4,syscall,0.408,microseconds
pti_on,4,read,0.4694,microseconds
pti_on,4,write,0.4458,microseconds
pti_on,4,stat,0.8427,microseconds
pti_on,4,fstat,0.534,microseconds
pti_on,4,open_close,1.5216,microseconds
pti_on,4,select_10,0.5882,microseconds
pti_on,4,select_100,1.3479,microseconds
pti_on,4,select_250,2.6057,microseconds
pti_on,4,select_500,4.7611,microseconds
pti_on,4,select_10,0.6235,microseconds
pti_on,4,select_100,2.7715,microseconds
pti_on,4,select_250,6.34,microseconds
pti_on,4,select_500,12.3373,microseconds
pti_on,4,pipe_latency,109.6591,microseconds
pti_on,4,unix_sock_stream_latency,89.9848,microseconds
pti_on,4,fork_exit,190.4138,microseconds
pti_on,4,fork_execve,921.3333,microseconds
pti_on,4,fork_bin_sh,1878.6667,microseconds
pti_on,5,SVG Files To PNG,33.323,s
pti_on,5,SVG Files To PNG,32.146,s
pti_on,5,SVG Files To PNG,32.005,s
ibpb_on,0,syscall,1.168,microseconds
ibpb_on,0,read,1.2665,microseconds
ibpb_on,0,write,1.2716,microseconds
ibpb_on,0,stat,1.9573,microseconds
ibpb_on,0,fstat,1.292,microseconds
ibpb_on,0,open_close,3.9835,microseconds
ibpb_on,0,select_10,1.4115,microseconds
ibpb_on,0,select_100,2.1926,microseconds
ibpb_on,0,select_250,3.4552,microseconds
ibpb_on,0,select_500,5.5962,microseconds
ibpb_on,0,select_10,1.5422,microseconds
ibpb_on,0,select_100,3.9281,microseconds
ibpb_on,0,select_250,7.552,microseconds
ibpb_on,0,select_500,13.5923,microseconds
ibpb_on,0,pipe_latency,102.2102,microseconds
ibpb_on,0,unix_sock_stream_latency,67.0,microseconds
ibpb_on,0,fork_exit,214.8148,microseconds
ibpb_on,0,fork_execve,1007.1667,microseconds
ibpb_on,0,fork_bin_sh,2128.3333,microseconds
ibpb_on,1,syscall,1.1666,microseconds
ibpb_on,1,read,1.2706,microseconds
ibpb_on,1,write,1.2562,microseconds
ibpb_on,1,stat,1.9901,microseconds
ibpb_on,1,fstat,1.3063,microseconds
ibpb_on,1,open_close,4.0898,microseconds
ibpb_on,1,select_10,1.435,microseconds
ibpb_on,1,select_100,2.1763,microseconds
ibpb_on,1,select_250,3.4991,microseconds
ibpb_on,1,select_500,5.6112,microseconds
ibpb_on,1,select_10,1.5224,microseconds
ibpb_on,1,select_100,3.8653,microseconds
ibpb_on,1,select_250,7.4028,microseconds
ibpb_on,1,select_500,13.5531,microseconds
ibpb_on,1,pipe_latency,61.591,microseconds
ibpb_on,1,unix_sock_stream_latency,47.8476,microseconds
ibpb_on,1,fork_exit,215.8846,microseconds
ibpb_on,1,fork_execve,994.0,microseconds
ibpb_on,1,fork_bin_sh,2044.6667,microseconds
ibpb_on,2,sqlite_ops,73.679,s
ibpb_on,2,sqlite_ops,73.723,s
ibpb_on,2,sqlite_ops,75.618,s
ibpb_on,3,syscall,1.1598,microseconds
ibpb_on,3,read,1.2621,microseconds
ibpb_on,3,write,1.2439,microseconds
ibpb_on,3,stat,1.9811,microseconds
ibpb_on,3,fstat,1.3134,microseconds
ibpb_on,3,open_close,4.0477,microseconds
ibpb_on,3,select_10,1.4276,microseconds
ibpb_on,3,select_100,2.1575,microseconds
ibpb_on,3,select_250,3.4673,microseconds
ibpb_on,3,select_500,5.5974,microseconds
ibpb_on,3,select_10,1.5315,microseconds
ibpb_on,3,select_100,3.8664,microseconds
ibpb_on,3,select_250,7.4894,microseconds
ibpb_on,3,select_500,13.8491,microseconds
ibpb_on,3,pipe_latency,61.7877,microseconds
ibpb_on,3,unix_sock_stream_latency,66.5641,microseconds
ibpb_on,3,fork_exit,195.0,microseconds
ibpb_on,3,fork_execve,973.3333,microseconds
ibpb_on,3,fork_bin_sh,1997.3333,microseconds
ibpb_on,4,SVG Files To PNG,38.534,s
ibpb_on,4,SVG Files To PNG,36.92,s
ibpb_on,4,SVG Files To PNG,37.087,s
ibpb_on,5,SVG Files To PNG,38.665,s
ibpb_on,5,SVG Files To PNG,36.944,s
ibpb_on,5,SVG Files To PNG,36.871,s
page_poisoning,0,syscall,0.2423,microseconds
page_poisoning,0,read,0.2943,microseconds
page_poisoning,0,write,0.2804,microseconds
page_poisoning,0,stat,0.657,microseconds
page_poisoning,0,fstat,0.3276,microseconds
page_poisoning,0,open_close,1.1863,microseconds
page_poisoning,0,select_10,0.4165,microseconds
page_poisoning,0,select_100,1.1747,microseconds
page_poisoning,0,select_250,2.4232,microseconds
page_poisoning,0,select_500,4.5271,microseconds
page_poisoning,0,select_10,0.4516,microseconds
page_poisoning,0,select_100,2.561,microseconds
page_poisoning,0,select_250,6.1121,microseconds
page_poisoning,0,select_500,12.0952,microseconds
page_poisoning,0,pipe_latency,63.2491,microseconds
page_poisoning,0,unix_sock_stream_latency,47.0926,microseconds
page_poisoning,0,fork_exit,189.9655,microseconds
page_poisoning,0,fork_execve,884.8333,microseconds
page_poisoning,0,fork_bin_sh,1836.6667,microseconds
page_poisoning,1,syscall,0.2334,microseconds
page_poisoning,1,read,0.2949,microseconds
page_poisoning,1,write,0.2738,microseconds
page_poisoning,1,stat,0.665,microseconds
page_poisoning,1,fstat,0.3306,microseconds
page_poisoning,1,open_close,1.1922,microseconds
page_poisoning,1,select_10,0.4181,microseconds
page_poisoning,1,select_100,1.1572,microseconds
page_poisoning,1,select_250,2.4313,microseconds
page_poisoning,1,select_500,4.54,microseconds
page_poisoning,1,select_10,0.4426,microseconds
page_poisoning,1,select_100,2.5661,microseconds
page_poisoning,1,select_250,6.1307,microseconds
page_poisoning,1,select_500,12.1579,microseconds
page_poisoning,1,pipe_latency,59.4504,microseconds
page_poisoning,1,unix_sock_stream_latency,66.2892,microseconds
page_poisoning,1,fork_exit,181.8387,microseconds
page_poisoning,1,fork_execve,873.0,microseconds
page_poisoning,1,fork_bin_sh,1866.3333,microseconds
page_poisoning,2,SVG Files To PNG,33.41,s
page_poisoning,2,SVG Files To PNG,31.593,s
page_poisoning,2,SVG Files To PNG,31.811,s
page_poisoning,3,sqlite_ops,76.032,s
page_poisoning,3,sqlite_ops,74.351,s
page_poisoning,3,sqlite_ops,73.765,s
page_poisoning,4,SVG Files To PNG,33.914,s
page_poisoning,4,SVG Files To PNG,32.151,s
page_poisoning,4,SVG Files To PNG,32.272,s
page_poisoning,5,syscall,0.2339,microseconds
page_poisoning,5,read,0.2981,microseconds
page_poisoning,5,write,0.2719,microseconds
page_poisoning,5,stat,0.6555,microseconds
page_poisoning,5,fstat,0.3256,microseconds
page_poisoning,5,open_close,1.2098,microseconds
page_poisoning,5,select_10,0.4175,microseconds
page_poisoning,5,select_100,1.1787,microseconds
page_poisoning,5,select_250,2.4319,microseconds
page_poisoning,5,select_500,4.5527,microseconds
page_poisoning,5,select_10,0.4476,microseconds
page_poisoning,5,select_100,2.5768,microseconds
page_poisoning,5,select_250,6.1517,microseconds
page_poisoning,5,select_500,12.0753,microseconds
page_poisoning,5,pipe_latency,68.1866,microseconds
page_poisoning,5,unix_sock_stream_latency,47.9912,microseconds
page_poisoning,5,fork_exit,186.8,microseconds
page_poisoning,5,fork_execve,872.7143,microseconds
page_poisoning,5,fork_bin_sh,1788.3333,microseconds
memory_leak_detector,0,SVG Files To PNG,36.441,s
memory_leak_detector,0,SVG Files To PNG,34.875,s
memory_leak_detector,0,SVG Files To PNG,34.475,s
memory_leak_detector,1,syscall,0.2378,microseconds
memory_leak_detector,1,read,0.2932,microseconds
memory_leak_detector,1,write,0.2743,microseconds
memory_leak_detector,1,stat,1.6254,microseconds
memory_leak_detector,1,fstat,0.3383,microseconds
memory_leak_detector,1,open_close,4.1144,microseconds
memory_leak_detector,1,select_10,0.4118,microseconds
memory_leak_detector,1,select_100,1.1654,microseconds
memory_leak_detector,1,select_250,2.4284,microseconds
memory_leak_detector,1,select_500,5.548,microseconds
memory_leak_detector,1,select_10,0.4491,microseconds
memory_leak_detector,1,select_100,2.6093,microseconds
memory_leak_detector,1,select_250,6.1915,microseconds
memory_leak_detector,1,select_500,13.399,microseconds
memory_leak_detector,1,pipe_latency,76.0356,microseconds
memory_leak_detector,1,unix_sock_stream_latency,65.8488,microseconds
memory_leak_detector,1,fork_exit,381.2,microseconds
memory_leak_detector,1,fork_execve,1307.25,microseconds
memory_leak_detector,1,fork_bin_sh,2549.5,microseconds
memory_leak_detector,2,syscall,0.2404,microseconds
memory_leak_detector,2,read,0.2988,microseconds
memory_leak_detector,2,write,0.278,microseconds
memory_leak_detector,2,stat,1.4919,microseconds
memory_leak_detector,2,fstat,0.3298,microseconds
memory_leak_detector,2,open_close,4.2211,microseconds
memory_leak_detector,2,select_10,0.4176,microseconds
memory_leak_detector,2,select_100,1.166,microseconds
memory_leak_detector,2,select_250,2.4314,microseconds
memory_leak_detector,2,select_500,5.6419,microseconds
memory_leak_detector,2,select_10,0.4474,microseconds
memory_leak_detector,2,select_100,2.6188,microseconds
memory_leak_detector,2,select_250,6.2144,microseconds
memory_leak_detector,2,select_500,13.3365,microseconds
memory_leak_detector,2,pipe_latency,68.7324,microseconds
memory_leak_detector,2,unix_sock_stream_latency,66.1139,microseconds
memory_leak_detector,2,fork_exit,343.2353,microseconds
memory_leak_detector,2,fork_execve,1261.5,microseconds
memory_leak_detector,2,fork_bin_sh,2490.0,microseconds
memory_leak_detector,3,syscall,0.2415,microseconds
memory_leak_detector,3,read,0.3021,microseconds
memory_leak_detector,3,write,0.2767,microseconds
memory_leak_detector,3,stat,1.6048,microseconds
memory_leak_detector,3,fstat,0.3397,microseconds
memory_leak_detector,3,open_close,4.2263,microseconds
memory_leak_detector,3,select_10,0.4118,microseconds
memory_leak_detector,3,select_100,1.1669,microseconds
memory_leak_detector,3,select_250,2.4208,microseconds
memory_leak_detector,3,select_500,5.4927,microseconds
memory_leak_detector,3,select_10,0.4426,microseconds
memory_leak_detector,3,select_100,2.6175,microseconds
memory_leak_detector,3,select_250,6.2288,microseconds
memory_leak_detector,3,select_500,13.202,microseconds
memory_leak_detector,3,pipe_latency,63.7962,microseconds
memory_leak_detector,3,unix_sock_stream_latency,70.1528,microseconds
memory_leak_detector,3,fork_exit,339.0556,microseconds
memory_leak_detector,3,fork_execve,1296.2,microseconds
memory_leak_detector,3,fork_bin_sh,2570.6667,microseconds
memory_leak_detector,4,sqlite_ops,77.791,s
memory_leak_detector,4,sqlite_ops,78.776,s
memory_leak_detector,4,sqlite_ops,76.759,s
memory_leak_detector,5,SVG Files To PNG,36.459,s
memory_leak_detector,5,SVG Files To PNG,34.698,s
memory_leak_detector,5,SVG Files To PNG,34.514,s
kernel_address_sanitizer,0,syscall,0.2695,microseconds
kernel_address_sanitizer,0,read,0.3665,microseconds
kernel_address_sanitizer,0,write,0.3453,microseconds
kernel_address_sanitizer,0,stat,4.3854,microseconds
kernel_address_sanitizer,0,fstat,0.4882,microseconds
kernel_address_sanitizer,0,open_close,10.1992,microseconds
kernel_address_sanitizer,0,select_10,0.5544,microseconds
kernel_address_sanitizer,0,select_100,2.498,microseconds
kernel_address_sanitizer,0,select_250,5.7058,microseconds
kernel_address_sanitizer,0,select_500,13.9416,microseconds
kernel_address_sanitizer,0,select_10,0.652,microseconds
kernel_address_sanitizer,0,select_100,6.3432,microseconds
kernel_address_sanitizer,0,select_250,15.9942,microseconds
kernel_address_sanitizer,0,select_500,34.9866,microseconds
kernel_address_sanitizer,0,pipe_latency,66.1565,microseconds
kernel_address_sanitizer,0,unix_sock_stream_latency,61.3488,microseconds
kernel_address_sanitizer,0,fork_exit,669.625,microseconds
kernel_address_sanitizer,0,fork_execve,1940.3333,microseconds
kernel_address_sanitizer,0,fork_bin_sh,3686.0,microseconds
kernel_address_sanitizer,1,sqlite_ops,87.207,s
kernel_address_sanitizer,1,sqlite_ops,84.52,s
kernel_address_sanitizer,1,sqlite_ops,84.669,s
kernel_address_sanitizer,2,SVG Files To PNG,43.128,s
kernel_address_sanitizer,2,SVG Files To PNG,40.381,s
kernel_address_sanitizer,2,SVG Files To PNG,40.565,s
kernel_address_sanitizer,3,syscall,0.2624,microseconds
kernel_address_sanitizer,3,read,0.3664,microseconds
kernel_address_sanitizer,3,write,0.3589,microseconds
kernel_address_sanitizer,3,stat,4.4273,microseconds
kernel_address_sanitizer,3,fstat,0.4773,microseconds
kernel_address_sanitizer,3,open_close,9.913,microseconds
kernel_address_sanitizer,3,select_10,0.5543,microseconds
kernel_address_sanitizer,3,select_100,2.4801,microseconds
kernel_address_sanitizer,3,select_250,5.6736,microseconds
kernel_address_sanitizer,3,select_500,13.8163,microseconds
kernel_address_sanitizer,3,select_10,0.6429,microseconds
kernel_address_sanitizer,3,select_100,6.3361,microseconds
kernel_address_sanitizer,3,select_250,15.8863,microseconds
kernel_address_sanitizer,3,select_500,34.6818,microseconds
kernel_address_sanitizer,3,pipe_latency,60.7522,microseconds
kernel_address_sanitizer,3,unix_sock_stream_latency,59.8953,microseconds
kernel_address_sanitizer,3,fork_exit,642.25,microseconds
kernel_address_sanitizer,3,fork_execve,1930.3333,microseconds
kernel_address_sanitizer,3,fork_bin_sh,3646.0,microseconds
kernel_address_sanitizer,4,SVG Files To PNG,43.268,s
kernel_address_sanitizer,4,SVG Files To PNG,40.587,s
kernel_address_sanitizer,4,SVG Files To PNG,40.469,s
kernel_address_sanitizer,5,syscall,0.27,microseconds
kernel_address_sanitizer,5,read,0.3603,microseconds
kernel_address_sanitizer,5,write,0.3494,microseconds
kernel_address_sanitizer,5,stat,4.4916,microseconds
kernel_address_sanitizer,5,fstat,0.4736,microseconds
kernel_address_sanitizer,5,open_close,9.9581,microseconds
kernel_address_sanitizer,5,select_10,0.5501,microseconds
kernel_address_sanitizer,5,select_100,2.4693,microseconds
kernel_address_sanitizer,5,select_250,5.6722,microseconds
kernel_address_sanitizer,5,select_500,13.8674,microseconds
kernel_address_sanitizer,5,select_10,0.6556,microseconds
kernel_address_sanitizer,5,select_100,6.3185,microseconds
kernel_address_sanitizer,5,select_250,15.8678,microseconds
kernel_address_sanitizer,5,select_500,36.4936,microseconds
kernel_address_sanitizer,5,pipe_latency,160.0084,microseconds
kernel_address_sanitizer,5,unix_sock_stream_latency,112.4375,microseconds
kernel_address_sanitizer,5,fork_exit,673.875,microseconds
kernel_address_sanitizer,5,fork_execve,2010.6667,microseconds
kernel_address_sanitizer,5,fork_bin_sh,3785.0,microseconds
init_on_free_alloc,0,syscall,0.2427,microseconds
init_on_free_alloc,0,read,0.2962,microseconds
init_on_free_alloc,0,write,0.2796,microseconds
init_on_free_alloc,0,stat,0.9909,microseconds
init_on_free_alloc,0,fstat,0.3251,microseconds
init_on_free_alloc,0,open_close,1.4789,microseconds
init_on_free_alloc,0,select_10,0.4141,microseconds
init_on_free_alloc,0,select_100,1.164,microseconds
init_on_free_alloc,0,select_250,2.4472,microseconds
init_on_free_alloc,0,select_500,4.5795,microseconds
init_on_free_alloc,0,select_10,0.4412,microseconds
init_on_free_alloc,0,select_100,2.5964,microseconds
init_on_free_alloc,0,select_250,6.2696,microseconds
init_on_free_alloc,0,select_500,13.0169,microseconds
init_on_free_alloc,0,pipe_latency,99.7433,microseconds
init_on_free_alloc,0,unix_sock_stream_latency,67.4198,microseconds
init_on_free_alloc,0,fork_exit,171.8966,microseconds
init_on_free_alloc,0,fork_execve,892.8333,microseconds
init_on_free_alloc,0,fork_bin_sh,1889.3333,microseconds
init_on_free_alloc,1,syscall,0.2395,microseconds
init_on_free_alloc,1,read,0.2992,microseconds
init_on_free_alloc,1,write,0.2749,microseconds
init_on_free_alloc,1,stat,0.9776,microseconds
init_on_free_alloc,1,fstat,0.3482,microseconds
init_on_free_alloc,1,open_close,1.4817,microseconds
init_on_free_alloc,1,select_10,0.4156,microseconds
init_on_free_alloc,1,select_100,1.1686,microseconds
init_on_free_alloc,1,select_250,2.4345,microseconds
init_on_free_alloc,1,select_500,4.5934,microseconds
init_on_free_alloc,1,select_10,0.4429,microseconds
init_on_free_alloc,1,select_100,2.5686,microseconds
init_on_free_alloc,1,select_250,6.1362,microseconds
init_on_free_alloc,1,select_500,12.0563,microseconds
init_on_free_alloc,1,pipe_latency,82.71,microseconds
init_on_free_alloc,1,unix_sock_stream_latency,90.3934,microseconds
init_on_free_alloc,1,fork_exit,174.8621,microseconds
init_on_free_alloc,1,fork_execve,888.8333,microseconds
init_on_free_alloc,1,fork_bin_sh,1801.6667,microseconds
init_on_free_alloc,2,sqlite_ops,75.086,s
init_on_free_alloc,2,sqlite_ops,72.338,s
init_on_free_alloc,2,sqlite_ops,71.7,s
init_on_free_alloc,3,SVG Files To PNG,33.881,s
init_on_free_alloc,3,SVG Files To PNG,32.141,s
init_on_free_alloc,3,SVG Files To PNG,32.18,s
init_on_free_alloc,4,syscall,0.2315,microseconds
init_on_free_alloc,4,read,0.2973,microseconds
init_on_free_alloc,4,write,0.2731,microseconds
init_on_free_alloc,4,stat,0.9716,microseconds
init_on_free_alloc,4,fstat,0.3311,microseconds
init_on_free_alloc,4,open_close,1.4715,microseconds
init_on_free_alloc,4,select_10,0.4142,microseconds
init_on_free_alloc,4,select_100,1.1697,microseconds
init_on_free_alloc,4,select_250,2.42,microseconds
init_on_free_alloc,4,select_500,4.5769,microseconds
init_on_free_alloc,4,select_10,0.4408,microseconds
init_on_free_alloc,4,select_100,2.5863,microseconds
init_on_free_alloc,4,select_250,6.1242,microseconds
init_on_free_alloc,4,select_500,12.6408,microseconds
init_on_free_alloc,4,pipe_latency,65.2491,microseconds
init_on_free_alloc,4,unix_sock_stream_latency,32.1047,microseconds
init_on_free_alloc,4,fork_exit,178.1,microseconds
init_on_free_alloc,4,fork_execve,887.6667,microseconds
init_on_free_alloc,4,fork_bin_sh,1853.75,microseconds
init_on_free_alloc,5,SVG Files To PNG,34.194,s
init_on_free_alloc,5,SVG Files To PNG,32.395,s
init_on_free_alloc,5,SVG Files To PNG,32.488,s
hardened_usercopy,0,SVG Files To PNG,33.361,s
hardened_usercopy,0,SVG Files To PNG,31.915,s
hardened_usercopy,0,SVG Files To PNG,31.894,s
hardened_usercopy,1,syscall,0.242,microseconds
hardened_usercopy,1,read,0.2936,microseconds
hardened_usercopy,1,write,0.2743,microseconds
hardened_usercopy,1,stat,0.6904,microseconds
hardened_usercopy,1,fstat,0.3284,microseconds
hardened_usercopy,1,open_close,1.1895,microseconds
hardened_usercopy,1,select_10,0.4167,microseconds
hardened_usercopy,1,select_100,1.1776,microseconds
hardened_usercopy,1,select_250,2.4341,microseconds
hardened_usercopy,1,select_500,4.6041,microseconds
hardened_usercopy,1,select_10,0.4586,microseconds
hardened_usercopy,1,select_100,2.5769,microseconds
hardened_usercopy,1,select_250,6.1138,microseconds
hardened_usercopy,1,select_500,12.2271,microseconds
hardened_usercopy,1,pipe_latency,67.6965,microseconds
hardened_usercopy,1,unix_sock_stream_latency,49.7961,microseconds
hardened_usercopy,1,fork_exit,188.6071,microseconds
hardened_usercopy,1,fork_execve,880.7143,microseconds
hardened_usercopy,1,fork_bin_sh,1782.0,microseconds
hardened_usercopy,2,syscall,0.2427,microseconds
hardened_usercopy,2,read,0.2973,microseconds
hardened_usercopy,2,write,0.2699,microseconds
hardened_usercopy,2,stat,0.6937,microseconds
hardened_usercopy,2,fstat,0.321,microseconds
hardened_usercopy,2,open_close,1.1887,microseconds
hardened_usercopy,2,select_10,0.4146,microseconds
hardened_usercopy,2,select_100,1.1782,microseconds
hardened_usercopy,2,select_250,2.4306,microseconds
hardened_usercopy,2,select_500,4.6087,microseconds
hardened_usercopy,2,select_10,0.4506,microseconds
hardened_usercopy,2,select_100,2.5857,microseconds
hardened_usercopy,2,select_250,6.1218,microseconds
hardened_usercopy,2,select_500,12.1987,microseconds
hardened_usercopy,2,pipe_latency,63.9058,microseconds
hardened_usercopy,2,unix_sock_stream_latency,33.0932,microseconds
hardened_usercopy,2,fork_exit,174.7241,microseconds
hardened_usercopy,2,fork_execve,888.6667,microseconds
hardened_usercopy,2,fork_bin_sh,1780.3333,microseconds
hardened_usercopy,3,SVG Files To PNG,33.135,s
hardened_usercopy,3,SVG Files To PNG,31.875,s
hardened_usercopy,3,SVG Files To PNG,31.744,s
hardened_usercopy,4,sqlite_ops,69.982,s
hardened_usercopy,4,sqlite_ops,70.058,s
hardened_usercopy,4,sqlite_ops,71.902,s
hardened_usercopy,5,syscall,0.2338,microseconds
hardened_usercopy,5,read,0.2911,microseconds
hardened_usercopy,5,write,0.2685,microseconds
hardened_usercopy,5,stat,0.6916,microseconds
hardened_usercopy,5,fstat,0.3396,microseconds
hardened_usercopy,5,open_close,1.194,microseconds
hardened_usercopy,5,select_10,0.4299,microseconds
hardened_usercopy,5,select_100,1.1703,microseconds
hardened_usercopy,5,select_250,2.4308,microseconds
hardened_usercopy,5,select_500,4.6065,microseconds
hardened_usercopy,5,select_10,0.4665,microseconds
hardened_usercopy,5,select_100,2.5769,microseconds
hardened_usercopy,5,select_250,6.1272,microseconds
hardened_usercopy,5,select_500,12.1717,microseconds
hardened_usercopy,5,pipe_latency,106.5711,microseconds
hardened_usercopy,5,unix_sock_stream_latency,67.7952,microseconds
hardened_usercopy,5,fork_exit,197.8065,microseconds
hardened_usercopy,5,fork_execve,880.1667,microseconds
hardened_usercopy,5,fork_bin_sh,1759.6667,microseconds
debug_pagealloc,0,SVG Files To PNG,36.123,s
debug_pagealloc,0,SVG Files To PNG,34.228,s
debug_pagealloc,0,SVG Files To PNG,34.25,s
debug_pagealloc,1,syscall,0.2324,microseconds
debug_pagealloc,1,read,0.285,microseconds
debug_pagealloc,1,write,0.2707,microseconds
debug_pagealloc,1,stat,0.679,microseconds
debug_pagealloc,1,fstat,0.323,microseconds
debug_pagealloc,1,open_close,1.2296,microseconds
debug_pagealloc,1,select_10,0.4195,microseconds
debug_pagealloc,1,select_100,1.1648,microseconds
debug_pagealloc,1,select_250,2.4176,microseconds
debug_pagealloc,1,select_500,4.5359,microseconds
debug_pagealloc,1,select_10,0.4373,microseconds
debug_pagealloc,1,select_100,2.6014,microseconds
debug_pagealloc,1,select_250,6.1457,microseconds
debug_pagealloc,1,select_500,12.154,microseconds
debug_pagealloc,1,pipe_latency,64.2106,microseconds
debug_pagealloc,1,unix_sock_stream_latency,67.8289,microseconds
debug_pagealloc,1,fork_exit,386.0556,microseconds
debug_pagealloc,1,fork_execve,1152.5,microseconds
debug_pagealloc,1,fork_bin_sh,1986.0,microseconds
debug_pagealloc,2,SVG Files To PNG,36.992,s
debug_pagealloc,2,SVG Files To PNG,34.966,s
debug_pagealloc,2,SVG Files To PNG,34.838,s
debug_pagealloc,3,sqlite_ops,72.58,s
debug_pagealloc,3,sqlite_ops,71.359,s
debug_pagealloc,3,sqlite_ops,72.338,s
debug_pagealloc,4,syscall,0.2372,microseconds
debug_pagealloc,4,read,0.2966,microseconds
debug_pagealloc,4,write,0.2831,microseconds
debug_pagealloc,4,stat,0.6761,microseconds
debug_pagealloc,4,fstat,0.3223,microseconds
debug_pagealloc,4,open_close,1.2337,microseconds
debug_pagealloc,4,select_10,0.4237,microseconds
debug_pagealloc,4,select_100,1.1843,microseconds
debug_pagealloc,4,select_250,2.4273,microseconds
debug_pagealloc,4,select_500,4.5631,microseconds
debug_pagealloc,4,select_10,0.4579,microseconds
debug_pagealloc,4,select_100,2.6109,microseconds
debug_pagealloc,4,select_250,6.1877,microseconds
debug_pagealloc,4,select_500,12.1596,microseconds
debug_pagealloc,4,pipe_latency,61.6883,microseconds
debug_pagealloc,4,unix_sock_stream_latency,47.0862,microseconds
debug_pagealloc,4,fork_exit,506.6429,microseconds
debug_pagealloc,4,fork_execve,1144.1667,microseconds
debug_pagealloc,4,fork_bin_sh,2023.3333,microseconds
debug_pagealloc,5,syscall,0.2465,microseconds
debug_pagealloc,5,read,0.29,microseconds
debug_pagealloc,5,write,0.2701,microseconds
debug_pagealloc,5,stat,0.6757,microseconds
debug_pagealloc,5,fstat,0.3488,microseconds
debug_pagealloc,5,open_close,1.231,microseconds
debug_pagealloc,5,select_10,0.4332,microseconds
debug_pagealloc,5,select_100,1.1691,microseconds
debug_pagealloc,5,select_250,2.4287,microseconds
debug_pagealloc,5,select_500,4.5528,microseconds
debug_pagealloc,5,select_10,0.446,microseconds
debug_pagealloc,5,select_100,2.6185,microseconds
debug_pagealloc,5,select_250,6.2079,microseconds
debug_pagealloc,5,select_500,12.2005,microseconds
debug_pagealloc,5,pipe_latency,101.0495,microseconds
debug_pagealloc,5,unix_sock_stream_latency,67.3059,microseconds
debug_pagealloc,5,fork_exit,577.1304,microseconds
debug_pagealloc,5,fork_execve,1178.6667,microseconds
debug_pagealloc,5,fork_bin_sh,1967.3333,microseconds
